AUDIO,METAL,Y,DISTANCE,ANGLE,SHAPE,AREA,POWER,THICK
fold_1/Aluminium_0.wav,Aluminium,1,24,90,rectangle,3950,12,0.4
fold_1/Aluminium_1.wav,Aluminium,1,24,90,rectangle,3950,12,0.4
fold_1/Aluminium_2.wav,Aluminium,1,24,90,rectangle,3950,12,0.4
fold_1/Aluminium_3.wav,Aluminium,1,24,90,rectangle,3950,12,0.4
fold_1/Aluminium_4.wav,Aluminium,1,24,90,rectangle,3950,12,0.4
fold_1/Aluminium_5.wav,Aluminium,1,24,90,rectangle,3950,12,0.4
fold_1/Aluminium_6.wav,Aluminium,1,24,90,rectangle,3950,12,0.4
fold_1/Aluminium_7.wav,Aluminium,1,24,90,rectangle,3950,12,0.4
fold_1/Aluminium_8.wav,Aluminium,1,24,90,rectangle,3950,12,0.4
fold_1/Aluminium_9.wav,Aluminium,1,24,90,rectangle,3950,12,0.4
fold_1/Aluminium_10.wav,Aluminium,1,24,90,rectangle,3950,12,0.4
fold_1/Aluminium_11.wav,Aluminium,1,24,90,rectangle,3950,12,0.4
fold_1/Aluminium_12.wav,Aluminium,1,24,90,rectangle,3950,12,0.4
fold_1/Aluminium_13.wav,Aluminium,1,24,90,rectangle,3950,12,0.4
fold_1/Aluminium_14.wav,Aluminium,1,24,90,rectangle,3950,12,0.4
fold_1/Aluminium_15.wav,Aluminium,1,24,90,rectangle,3950,12,0.4
fold_1/Aluminium_16.wav,Aluminium,1,24,90,rectangle,3950,12,0.4
fold_1/Aluminium_17.wav,Aluminium,1,24,90,rectangle,3950,12,0.4
fold_1/Aluminium_18.wav,Aluminium,1,24,90,rectangle,3950,12,0.4
fold_1/Aluminium_19.wav,Aluminium,1,24,90,rectangle,3950,12,0.4
fold_1/Aluminium_20.wav,Aluminium,1,24,90,rectangle,3950,12,0.4
fold_1/Aluminium_21.wav,Aluminium,1,24,90,rectangle,3950,12,0.4
fold_1/Aluminium_22.wav,Aluminium,1,24,90,rectangle,3950,12,0.4
fold_1/Aluminium_23.wav,Aluminium,1,24,90,rectangle,3950,12,0.4
fold_1/Aluminium_24.wav,Aluminium,1,24,90,rectangle,3950,12,0.4
fold_1/Aluminium_25.wav,Aluminium,1,24,90,rectangle,3950,12,0.4
fold_1/Aluminium_26.wav,Aluminium,1,24,90,rectangle,3950,12,0.4
fold_1/Aluminium_27.wav,Aluminium,1,24,90,rectangle,3950,12,0.4
fold_1/Aluminium_28.wav,Aluminium,1,24,90,rectangle,3950,12,0.4
fold_1/Aluminium_29.wav,Aluminium,1,24,90,rectangle,3950,12,0.4
fold_1/Aluminium_30.wav,Aluminium,1,24,90,rectangle,3950,12,0.4
fold_1/Aluminium_31.wav,Aluminium,1,24,90,rectangle,3950,12,0.4
fold_1/Aluminium_32.wav,Aluminium,1,24,90,rectangle,3950,12,0.4
fold_1/Aluminium_33.wav,Aluminium,1,24,90,rectangle,3950,12,0.4
fold_1/Aluminium_34.wav,Aluminium,1,24,90,rectangle,3950,12,0.4
fold_1/Aluminium_34.wav,Aluminium,1,24,90,square,3600,12,2
fold_1/Aluminium_35.wav,Aluminium,1,24,90,square,3600,12,2
fold_1/Aluminium_36.wav,Aluminium,1,24,90,square,3600,12,2
fold_1/Aluminium_37.wav,Aluminium,1,24,90,square,3600,12,2
fold_1/Aluminium_38.wav,Aluminium,1,24,90,square,3600,12,2
fold_1/Aluminium_39.wav,Aluminium,1,24,90,square,3600,12,2
fold_1/Aluminium_40.wav,Aluminium,1,24,90,square,3600,12,2
fold_1/Aluminium_41.wav,Aluminium,1,24,90,square,3600,12,2
fold_1/Aluminium_42.wav,Aluminium,1,24,90,square,3600,12,2
fold_1/Aluminium_43.wav,Aluminium,1,24,90,square,3600,12,2
fold_1/Aluminium_44.wav,Aluminium,1,24,90,square,3600,12,2
fold_1/Aluminium_45.wav,Aluminium,1,24,90,square,3600,12,2
fold_1/Aluminium_46.wav,Aluminium,1,24,90,square,3600,12,2
fold_1/Aluminium_47.wav,Aluminium,1,24,90,square,3600,12,2
fold_1/Aluminium_48.wav,Aluminium,1,24,90,square,3600,12,2
fold_1/Aluminium_49.wav,Aluminium,1,24,90,square,3600,12,2
fold_1/Aluminium_50.wav,Aluminium,1,24,90,square,3600,12,2
fold_1/Aluminium_51.wav,Aluminium,1,24,90,square,3600,12,2
fold_1/Aluminium_52.wav,Aluminium,1,24,90,square,3600,12,2
fold_1/Aluminium_53.wav,Aluminium,1,24,90,square,3600,12,2
fold_1/Aluminium_54.wav,Aluminium,1,24,90,square,3600,12,2
fold_1/Aluminium_55.wav,Aluminium,1,24,90,square,3600,12,2
fold_1/Aluminium_56.wav,Aluminium,1,24,90,square,3600,12,2
fold_1/Aluminium_57.wav,Aluminium,1,24,90,square,3600,12,2
fold_1/Aluminium_58.wav,Aluminium,1,24,90,square,3600,12,2
fold_1/Brass_0.wav,Brass,0,24,90,square,2500,12,0.7
fold_1/Brass_1.wav,Brass,0,24,90,square,2500,12,0.7
fold_1/Brass_2.wav,Brass,0,24,90,square,2500,12,0.7
fold_1/Brass_3.wav,Brass,0,24,90,square,2500,12,0.7
fold_1/Brass_4.wav,Brass,0,24,90,square,2500,12,0.7
fold_1/Brass_5.wav,Brass,0,24,90,square,2500,12,0.7
fold_1/Brass_6.wav,Brass,0,24,90,square,2500,12,0.7
fold_1/Brass_7.wav,Brass,0,24,90,square,2500,12,0.7
fold_1/Brass_8.wav,Brass,0,24,90,square,2500,12,0.7
fold_1/Brass_9.wav,Brass,0,24,90,square,2500,12,0.7
fold_1/Brass_10.wav,Brass,0,24,90,square,2500,12,0.7
fold_1/Brass_11.wav,Brass,0,24,90,square,2500,12,0.7
fold_1/Brass_12.wav,Brass,0,24,90,square,2500,12,0.7
fold_1/Brass_13.wav,Brass,0,24,90,square,2500,12,0.7
fold_1/Brass_14.wav,Brass,0,24,90,square,2500,12,0.7
fold_1/Brass_15.wav,Brass,0,24,90,square,2500,12,0.7
fold_1/Brass_16.wav,Brass,0,24,90,square,2500,12,0.7
fold_1/Brass_17.wav,Brass,0,24,90,square,2500,12,0.7
fold_1/Brass_18.wav,Brass,0,24,90,square,2500,12,0.7
fold_1/Brass_19.wav,Brass,0,24,90,square,2500,12,0.7
fold_1/Brass_20.wav,Brass,0,24,90,square,2500,12,0.7
fold_1/Brass_21.wav,Brass,0,24,90,square,2500,12,0.7
fold_1/Brass_22.wav,Brass,0,24,90,square,2500,12,0.7
fold_1/Brass_23.wav,Brass,0,24,90,square,2500,12,0.7
fold_1/Brass_24.wav,Brass,0,24,90,square,2500,12,0.7
fold_1/Brass_25.wav,Brass,0,24,90,square,2500,12,0.7
fold_1/Brass_26.wav,Brass,0,24,90,square,2500,12,0.7
fold_1/Brass_27.wav,Brass,0,24,90,square,2500,12,0.7
fold_1/Brass_28.wav,Brass,0,24,90,square,2500,12,0.7
fold_1/Brass_29.wav,Brass,0,24,90,square,2500,12,0.7
fold_1/Brass_30.wav,Brass,0,24,90,square,2500,12,0.7
fold_1/Brass_31.wav,Brass,0,24,90,square,2500,12,0.7
fold_1/Brass_32.wav,Brass,0,24,90,square,2500,12,0.7
fold_1/Brass_33.wav,Brass,0,24,90,square,2500,12,0.7
fold_1/Brass_34.wav,Brass,0,24,90,square,2500,12,0.7
fold_1/Brass_34.wav,Brass,0,24,90,square,1521,12,0.7
fold_1/Brass_35.wav,Brass,0,24,90,square,1521,12,0.7
fold_1/Brass_36.wav,Brass,0,24,90,square,1521,12,0.7
fold_1/Brass_37.wav,Brass,0,24,90,square,1521,12,0.7
fold_1/Brass_38.wav,Brass,0,24,90,square,1521,12,0.7
fold_1/Brass_39.wav,Brass,0,24,90,square,1521,12,0.7
fold_1/Brass_40.wav,Brass,0,24,90,square,1521,12,0.7
fold_1/Brass_41.wav,Brass,0,24,90,square,1521,12,0.7
fold_1/Brass_42.wav,Brass,0,24,90,square,1521,12,0.7
fold_1/Brass_43.wav,Brass,0,24,90,square,1521,12,0.7
fold_1/Brass_44.wav,Brass,0,24,90,square,1521,12,0.7
fold_1/Brass_45.wav,Brass,0,24,90,square,1521,12,0.7
fold_1/Brass_46.wav,Brass,0,24,90,square,1521,12,0.7
fold_1/Brass_47.wav,Brass,0,24,90,square,1521,12,0.7
fold_1/Brass_48.wav,Brass,0,24,90,square,1521,12,0.7
fold_1/Brass_49.wav,Brass,0,24,90,square,1521,12,0.7
fold_1/Brass_50.wav,Brass,0,24,90,square,1521,12,0.7
fold_1/Brass_51.wav,Brass,0,24,90,square,1521,12,0.7
fold_1/Brass_52.wav,Brass,0,24,90,square,1521,12,0.7
fold_1/Brass_53.wav,Brass,0,24,90,square,1521,12,0.7
fold_1/Brass_54.wav,Brass,0,24,90,square,1521,12,0.7
fold_1/Brass_55.wav,Brass,0,24,90,square,1521,12,0.7
fold_1/Brass_56.wav,Brass,0,24,90,square,1521,12,0.7
fold_1/Brass_57.wav,Brass,0,24,90,square,1521,12,0.7
fold_1/Brass_63.wav,Brass,0,24,90,square,1521,12,0.7
fold_1/Brass_64.wav,Brass,0,24,90,square,1521,12,0.7
fold_1/Brass_65.wav,Brass,0,24,90,square,1521,12,0.7
fold_1/Brass_66.wav,Brass,0,24,90,square,1521,12,0.7
fold_1/Brass_67.wav,Brass,0,24,90,square,1521,12,0.7
fold_1/Brass_68.wav,Brass,0,24,90,square,1521,12,0.7
fold_1/Brass_69.wav,Brass,0,24,90,square,1521,12,0.7
fold_1/Brass_70.wav,Brass,0,24,90,square,1521,12,0.7
fold_1/Copper_0.wav,Copper,2,24,90,rectangle,3720,12,0.5
fold_1/Copper_1.wav,Copper,2,24,90,rectangle,3720,12,0.5
fold_1/Copper_2.wav,Copper,2,24,90,rectangle,3720,12,0.5
fold_1/Copper_3.wav,Copper,2,24,90,rectangle,3720,12,0.5
fold_1/Copper_4.wav,Copper,2,24,90,rectangle,3720,12,0.5
fold_1/Copper_5.wav,Copper,2,24,90,rectangle,3720,12,0.6
fold_1/Copper_6.wav,Copper,2,24,90,rectangle,3720,12,0.6
fold_1/Copper_7.wav,Copper,2,24,90,rectangle,3720,12,0.6
fold_1/Copper_8.wav,Copper,2,24,90,rectangle,3720,12,0.6
fold_1/Copper_9.wav,Copper,2,24,90,rectangle,3720,12,0.6
fold_1/Copper_10.wav,Copper,2,24,90,rectangle,3720,12,0.6
fold_1/Copper_11.wav,Copper,2,24,90,rectangle,3720,12,0.6
fold_1/Copper_12.wav,Copper,2,24,90,rectangle,3720,12,0.6
fold_1/Copper_13.wav,Copper,2,24,90,rectangle,3720,12,0.6
fold_1/Copper_14.wav,Copper,2,24,90,rectangle,3720,12,0.6
fold_1/Copper_15.wav,Copper,2,24,90,rectangle,3720,12,0.6
fold_1/Copper_16.wav,Copper,2,24,90,rectangle,3720,12,0.6
fold_1/Copper_17.wav,Copper,2,24,90,rectangle,3720,12,0.6
fold_1/Copper_18.wav,Copper,2,24,90,rectangle,3720,12,0.6
fold_1/Copper_19.wav,Copper,2,24,90,rectangle,3720,12,0.6
fold_1/Copper_20.wav,Copper,2,24,90,rectangle,3720,12,0.6
fold_1/Copper_21.wav,Copper,2,24,90,rectangle,3720,12,0.6
fold_1/Copper_22.wav,Copper,2,24,90,rectangle,3720,12,0.6
fold_1/Copper_23.wav,Copper,2,24,90,rectangle,3720,12,0.6
fold_1/Copper_24.wav,Copper,2,24,90,rectangle,3720,12,0.6
fold_1/Copper_25.wav,Copper,2,24,90,rectangle,3720,12,0.6
fold_1/Copper_26.wav,Copper,2,24,90,rectangle,3720,12,0.6
fold_1/Copper_27.wav,Copper,2,24,90,rectangle,3720,12,0.6
fold_1/Copper_28.wav,Copper,2,24,90,rectangle,3720,12,0.6
fold_1/Copper_29.wav,Copper,2,24,90,rectangle,3720,12,0.6
fold_1/Copper_30.wav,Copper,2,24,90,rectangle,3720,12,0.6
fold_1/Copper_31.wav,Copper,2,24,90,rectangle,3720,12,0.6
fold_1/Copper_32.wav,Copper,2,24,90,rectangle,3720,12,0.6
fold_1/Copper_33.wav,Copper,2,24,90,rectangle,3720,12,0.6
fold_1/Copper_34.wav,Copper,2,24,90,rectangle,3720,12,0.6
fold_1/Copper_34.wav,Copper,2,24,90,square,2916,12,0.9
fold_1/Copper_35.wav,Copper,2,24,90,square,2916,12,0.9
fold_1/Copper_36.wav,Copper,2,24,90,square,2916,12,0.9
fold_1/Copper_37.wav,Copper,2,24,90,square,2916,12,0.9
fold_1/Copper_38.wav,Copper,2,24,90,square,2916,12,0.9
fold_1/Copper_39.wav,Copper,2,24,90,square,2916,12,0.9
fold_1/Copper_40.wav,Copper,2,24,90,square,2916,12,0.9
fold_1/Copper_41.wav,Copper,2,24,90,square,2916,12,0.9
fold_1/Copper_42.wav,Copper,2,24,90,square,2916,12,0.9
fold_1/Copper_43.wav,Copper,2,24,90,square,2916,12,0.9
fold_1/Copper_44.wav,Copper,2,24,90,square,2916,12,0.9
fold_1/Copper_45.wav,Copper,2,24,90,square,2916,12,0.9
fold_1/Copper_46.wav,Copper,2,24,90,square,2916,12,0.9
fold_1/Copper_47.wav,Copper,2,24,90,square,2916,12,0.9
fold_1/Copper_48.wav,Copper,2,24,90,square,2916,12,0.9
fold_1/Copper_49.wav,Copper,2,24,90,square,2916,12,0.9
fold_1/Copper_50.wav,Copper,2,24,90,square,2916,12,0.9
fold_1/Copper_51.wav,Copper,2,24,90,square,2916,12,0.9
fold_1/Copper_52.wav,Copper,2,24,90,square,2916,12,0.9
fold_1/Copper_53.wav,Copper,2,24,90,square,2916,12,0.9
fold_1/Copper_54.wav,Copper,2,24,90,square,2916,12,0.9
fold_1/Copper_55.wav,Copper,2,24,90,square,2916,12,0.9
fold_1/Copper_56.wav,Copper,2,24,90,square,2916,12,0.9
fold_1/Copper_57.wav,Copper,2,24,90,square,2916,12,0.9
fold_1/Copper_58.wav,Copper,2,24,90,square,2916,12,0.9
fold_1/Steal_0.wav,Steal,3,24,90,rectangle,3160,12,2
fold_1/Steal_1.wav,Steal,3,24,90,rectangle,3160,12,2
fold_1/Steal_2.wav,Steal,3,24,90,rectangle,3160,12,2
fold_1/Steal_3.wav,Steal,3,24,90,rectangle,3160,12,2
fold_1/Steal_4.wav,Steal,3,24,90,rectangle,3160,12,2
fold_1/Steal_4.wav,Steal,3,24,90,rectangle,3160,12,2
fold_1/Steal_5.wav,Steal,3,24,90,rectangle,3160,12,2
fold_1/Steal_6.wav,Steal,3,24,90,rectangle,3160,12,2
fold_1/Steal_7.wav,Steal,3,24,90,rectangle,3160,12,2
fold_1/Steal_8.wav,Steal,3,24,90,rectangle,3160,12,2
fold_1/Steal_9.wav,Steal,3,24,90,rectangle,3160,12,2
fold_1/Steal_10.wav,Steal,3,24,90,rectangle,3160,12,2
fold_1/Steal_11.wav,Steal,3,24,90,rectangle,3160,12,2
fold_1/Steal_12.wav,Steal,3,24,90,rectangle,3160,12,2
fold_1/Steal_13.wav,Steal,3,24,90,rectangle,3160,12,2
fold_1/Steal_14.wav,Steal,3,24,90,rectangle,3160,12,2
fold_1/Steal_15.wav,Steal,3,24,90,rectangle,3160,12,2
fold_1/Steal_16.wav,Steal,3,24,90,rectangle,3160,12,2
fold_1/Steal_17.wav,Steal,3,24,90,rectangle,3160,12,2
fold_1/Steal_18.wav,Steal,3,24,90,rectangle,3160,12,2
fold_1/Steal_19.wav,Steal,3,24,90,rectangle,3160,12,2
fold_1/Steal_20.wav,Steal,3,24,90,rectangle,3160,12,2
fold_1/Steal_21.wav,Steal,3,24,90,rectangle,3160,12,2
fold_1/Steal_22.wav,Steal,3,24,90,rectangle,3160,12,2
fold_1/Steal_23.wav,Steal,3,24,90,rectangle,3160,12,2
fold_1/Steal_24.wav,Steal,3,24,90,rectangle,3160,12,2
fold_1/Steal_25.wav,Steal,3,24,90,rectangle,3160,12,2
fold_1/Steal_26.wav,Steal,3,24,90,rectangle,3160,12,2
fold_1/Steal_27.wav,Steal,3,24,90,rectangle,3160,12,2
fold_1/Steal_28.wav,Steal,3,24,90,rectangle,3160,12,2
fold_1/Steal_29.wav,Steal,3,24,90,rectangle,3160,12,2
fold_1/Steal_30.wav,Steal,3,24,90,rectangle,3160,12,2
fold_1/Steal_31.wav,Steal,3,24,90,rectangle,3160,12,2
fold_1/Steal_32.wav,Steal,3,24,90,rectangle,3160,12,2
fold_1/Steal_33.wav,Steal,3,24,90,rectangle,3160,12,2
fold_1/Steal_34.wav,Steal,3,24,90,rectangle,3160,12,2
fold_1/Steal_34.wav,Steal,3,24,90,square,2704,12,0.7
fold_1/Steal_35.wav,Steal,3,24,90,square,2704,12,0.7
fold_1/Steal_36.wav,Steal,3,24,90,square,2704,12,0.7
fold_1/Steal_37.wav,Steal,3,24,90,square,2704,12,0.7
fold_1/Steal_38.wav,Steal,3,24,90,square,2704,12,0.7
fold_1/Steal_39.wav,Steal,3,24,90,square,2704,12,0.7
fold_1/Steal_40.wav,Steal,3,24,90,square,2704,12,0.7
fold_1/Steal_41.wav,Steal,3,24,90,square,2704,12,0.7
fold_1/Steal_42.wav,Steal,3,24,90,square,2704,12,0.7
fold_1/Steal_43.wav,Steal,3,24,90,square,2704,12,0.7
fold_1/Steal_44.wav,Steal,3,24,90,square,2704,12,0.7
fold_1/Steal_45.wav,Steal,3,24,90,square,2704,12,0.7
fold_1/Steal_46.wav,Steal,3,24,90,square,2704,12,0.7
fold_1/Steal_47.wav,Steal,3,24,90,square,2704,12,0.7
fold_1/Steal_48.wav,Steal,3,24,90,square,2704,12,0.7
fold_1/Steal_49.wav,Steal,3,24,90,square,2704,12,0.7
fold_1/Steal_50.wav,Steal,3,24,90,square,2704,12,0.7
fold_1/Steal_51.wav,Steal,3,24,90,square,2704,12,0.7
fold_1/Steal_52.wav,Steal,3,24,90,square,2704,12,0.7
fold_1/Steal_53.wav,Steal,3,24,90,square,2704,12,0.7
fold_1/Steal_54.wav,Steal,3,24,90,square,2704,12,0.7
fold_1/Steal_55.wav,Steal,3,24,90,square,2704,12,0.7
fold_1/Steal_56.wav,Steal,3,24,90,square,2704,12,0.7
fold_1/Steal_57.wav,Steal,3,24,90,square,2704,12,0.7
fold_1/Steal_58.wav,Steal,3,24,90,square,2704,12,0.7
fold_1/Aluminium_59.wav,Aluminium,1,24,0,rectangle,2450,9.8,20
fold_1/Aluminium_60.wav,Aluminium,1,24,0,rectangle,2450,11.8,20
fold_1/Aluminium_61.wav,Aluminium,1,24,0,rectangle,2450,13.8,20
fold_1/Aluminium_62.wav,Aluminium,1,24,0,rectangle,2450,15.8,20
fold_1/Aluminium_63.wav,Aluminium,1,24,0,rectangle,2450,17.8,20
fold_1/Aluminium_64.wav,Aluminium,1,24,0,rectangle,2450,19.8,20
fold_1/Aluminium_65.wav,Aluminium,1,24,0,rectangle,2450,21.8,20
fold_1/Aluminium_66.wav,Aluminium,1,24,0,rectangle,2450,23.8,20
fold_1/Aluminium_67.wav,Aluminium,1,24,0,rectangle,2450,25.8,20
fold_1/Aluminium_68.wav,Aluminium,1,24,0,rectangle,2450,27.8,20
fold_1/Aluminium_69.wav,Aluminium,1,24,0,rectangle,2450,29.8,20
fold_1/Aluminium_70.wav,Aluminium,1,24,45,rectangle,2450,9.8,20
fold_1/Aluminium_71.wav,Aluminium,1,24,45,rectangle,2450,11.8,20
fold_1/Aluminium_72.wav,Aluminium,1,24,45,rectangle,2450,13.8,20
fold_1/Aluminium_73.wav,Aluminium,1,24,45,rectangle,2450,15.8,20
fold_1/Aluminium_74.wav,Aluminium,1,24,45,rectangle,2450,17.8,20
fold_1/Aluminium_75.wav,Aluminium,1,24,45,rectangle,2450,19.8,20
fold_1/Aluminium_76.wav,Aluminium,1,24,45,rectangle,2450,21.8,20
fold_1/Aluminium_77.wav,Aluminium,1,24,45,rectangle,2450,23.8,20
fold_1/Aluminium_78.wav,Aluminium,1,24,45,rectangle,2450,25.8,20
fold_1/Aluminium_79.wav,Aluminium,1,24,45,rectangle,2450,27.8,20
fold_1/Aluminium_80.wav,Aluminium,1,24,45,rectangle,2450,29.8,20
fold_1/Aluminium_81.wav,Aluminium,1,24,90,rectangle,2450,9.8,20
fold_1/Aluminium_82.wav,Aluminium,1,24,90,rectangle,2450,11.8,20
fold_1/Aluminium_83.wav,Aluminium,1,24,90,rectangle,2450,13.8,20
fold_1/Aluminium_84.wav,Aluminium,1,24,90,rectangle,2450,15.8,20
fold_1/Aluminium_85.wav,Aluminium,1,24,90,rectangle,2450,17.8,20
fold_1/Aluminium_86.wav,Aluminium,1,24,90,rectangle,2450,19.8,20
fold_1/Aluminium_87.wav,Aluminium,1,24,90,rectangle,2450,21.8,20
fold_1/Aluminium_88.wav,Aluminium,1,24,90,rectangle,2450,23.8,20
fold_1/Aluminium_89.wav,Aluminium,1,24,90,rectangle,2450,25.8,20
fold_1/Aluminium_90.wav,Aluminium,1,24,90,rectangle,2450,27.8,20
fold_1/Aluminium_91.wav,Aluminium,1,24,90,rectangle,2450,29.8,20
fold_1/Aluminium_92.wav,Aluminium,1,24,135,rectangle,2450,9.8,20
fold_1/Aluminium_93.wav,Aluminium,1,24,135,rectangle,2450,11.8,20
fold_1/Aluminium_94.wav,Aluminium,1,24,135,rectangle,2450,13.8,20
fold_1/Aluminium_95.wav,Aluminium,1,24,135,rectangle,2450,15.8,20
fold_1/Aluminium_96.wav,Aluminium,1,24,135,rectangle,2450,17.8,20
fold_1/Aluminium_97.wav,Aluminium,1,24,135,rectangle,2450,19.8,20
fold_1/Aluminium_98.wav,Aluminium,1,24,135,rectangle,2450,21.8,20
fold_1/Aluminium_99.wav,Aluminium,1,24,135,rectangle,2450,23.8,20
fold_1/Aluminium_100.wav,Aluminium,1,24,135,rectangle,2450,25.8,20
fold_1/Aluminium_101.wav,Aluminium,1,24,135,rectangle,2450,27.8,20
fold_1/Aluminium_102.wav,Aluminium,1,24,135,rectangle,2450,29.8,20
fold_1/Aluminium_103.wav,Aluminium,1,24,180,rectangle,2450,9.8,20
fold_1/Aluminium_104.wav,Aluminium,1,24,180,rectangle,2450,11.8,20
fold_1/Aluminium_105.wav,Aluminium,1,24,180,rectangle,2450,13.8,20
fold_1/Aluminium_106.wav,Aluminium,1,24,180,rectangle,2450,15.8,20
fold_1/Aluminium_107.wav,Aluminium,1,24,180,rectangle,2450,17.8,20
fold_1/Aluminium_108.wav,Aluminium,1,24,180,rectangle,2450,19.8,20
fold_1/Aluminium_109.wav,Aluminium,1,24,180,rectangle,2450,21.8,20
fold_1/Aluminium_110.wav,Aluminium,1,24,180,rectangle,2450,23.8,20
fold_1/Aluminium_111.wav,Aluminium,1,24,180,rectangle,2450,25.8,20
fold_1/Aluminium_112.wav,Aluminium,1,24,180,rectangle,2450,27.8,20
fold_1/Aluminium_113.wav,Aluminium,1,24,180,rectangle,2450,29.8,20
fold_1/Copper_59.wav,Copper,2,24,0,rectangle,2750,9.8,6
fold_1/Copper_60.wav,Copper,2,24,0,rectangle,2750,11.8,6
fold_1/Copper_61.wav,Copper,2,24,0,rectangle,2750,13.8,6
fold_1/Copper_62.wav,Copper,2,24,0,rectangle,2750,15.8,6
fold_1/Copper_63.wav,Copper,2,24,0,rectangle,2750,17.8,6
fold_1/Copper_64.wav,Copper,2,24,0,rectangle,2750,19.8,6
fold_1/Copper_65.wav,Copper,2,24,0,rectangle,2750,21.8,6
fold_1/Copper_66.wav,Copper,2,24,0,rectangle,2750,23.8,6
fold_1/Copper_67.wav,Copper,2,24,0,rectangle,2750,25.8,6
fold_1/Copper_68.wav,Copper,2,24,0,rectangle,2750,27.8,6
fold_1/Copper_69.wav,Copper,2,24,0,rectangle,2750,29.8,6
fold_1/Copper_70.wav,Copper,2,24,45,rectangle,2750,9.8,6
fold_1/Copper_71.wav,Copper,2,24,45,rectangle,2750,11.8,6
fold_1/Copper_72.wav,Copper,2,24,45,rectangle,2750,13.8,6
fold_1/Copper_73.wav,Copper,2,24,45,rectangle,2750,15.8,6
fold_1/Copper_74.wav,Copper,2,24,45,rectangle,2750,17.8,6
fold_1/Copper_75.wav,Copper,2,24,45,rectangle,2750,19.8,6
fold_1/Copper_76.wav,Copper,2,24,45,rectangle,2750,21.8,6
fold_1/Copper_77.wav,Copper,2,24,45,rectangle,2750,23.8,6
fold_1/Copper_78.wav,Copper,2,24,45,rectangle,2750,25.8,6
fold_1/Copper_79.wav,Copper,2,24,45,rectangle,2750,27.8,6
fold_1/Copper_80.wav,Copper,2,24,45,rectangle,2750,29.8,6
fold_1/Copper_81.wav,Copper,2,24,90,rectangle,2750,9.8,6
fold_1/Copper_82.wav,Copper,2,24,90,rectangle,2750,11.8,6
fold_1/Copper_83.wav,Copper,2,24,90,rectangle,2750,13.8,6
fold_1/Copper_84.wav,Copper,2,24,90,rectangle,2750,15.8,6
fold_1/Copper_85.wav,Copper,2,24,90,rectangle,2750,17.8,6
fold_1/Copper_86.wav,Copper,2,24,90,rectangle,2750,19.8,6
fold_1/Copper_87.wav,Copper,2,24,90,rectangle,2750,21.8,6
fold_1/Copper_88.wav,Copper,2,24,90,rectangle,2750,23.8,6
fold_1/Copper_89.wav,Copper,2,24,90,rectangle,2750,25.8,6
fold_1/Copper_90.wav,Copper,2,24,90,rectangle,2750,27.8,6
fold_1/Copper_91.wav,Copper,2,24,90,rectangle,2750,29.8,6
fold_1/Copper_92.wav,Copper,2,24,135,rectangle,2750,9.8,6
fold_1/Copper_93.wav,Copper,2,24,135,rectangle,2750,11.8,6
fold_1/Copper_94.wav,Copper,2,24,135,rectangle,2750,13.8,6
fold_1/Copper_95.wav,Copper,2,24,135,rectangle,2750,15.8,6
fold_1/Copper_96.wav,Copper,2,24,135,rectangle,2750,17.8,6
fold_1/Copper_97.wav,Copper,2,24,135,rectangle,2750,19.8,6
fold_1/Copper_98.wav,Copper,2,24,135,rectangle,2750,21.8,6
fold_1/Copper_99.wav,Copper,2,24,135,rectangle,2750,23.8,6
fold_1/Copper_100.wav,Copper,2,24,135,rectangle,2750,25.8,6
fold_1/Copper_101.wav,Copper,2,24,135,rectangle,2750,27.8,6
fold_1/Copper_102.wav,Copper,2,24,135,rectangle,2750,29.8,6
fold_1/Copper_103.wav,Copper,2,24,180,rectangle,2750,9.8,6
fold_1/Copper_104.wav,Copper,2,24,180,rectangle,2750,11.8,6
fold_1/Copper_105.wav,Copper,2,24,180,rectangle,2750,13.8,6
fold_1/Copper_106.wav,Copper,2,24,180,rectangle,2750,15.8,6
fold_1/Copper_107.wav,Copper,2,24,180,rectangle,2750,17.8,6
fold_1/Copper_108.wav,Copper,2,24,180,rectangle,2750,19.8,6
fold_1/Copper_109.wav,Copper,2,24,180,rectangle,2750,21.8,6
fold_1/Copper_110.wav,Copper,2,24,180,rectangle,2750,23.8,6
fold_1/Copper_111.wav,Copper,2,24,180,rectangle,2750,25.8,6
fold_1/Copper_112.wav,Copper,2,24,180,rectangle,2750,27.8,6
fold_1/Copper_113.wav,Copper,2,24,180,rectangle,2750,29.8,6
fold_1/Steal_59.wav,Steal,3,24,0,Perforated,4500,9.8,1.5
fold_1/Steal_60.wav,Steal,3,24,0,Perforated,4500,11.8,1.5
fold_1/Steal_61.wav,Steal,3,24,0,Perforated,4500,13.8,1.5
fold_1/Steal_62.wav,Steal,3,24,0,Perforated,4500,15.8,1.5
fold_1/Steal_63.wav,Steal,3,24,0,Perforated,4500,17.8,1.5
fold_1/Steal_64.wav,Steal,3,24,0,Perforated,4500,19.8,1.5
fold_1/Steal_65.wav,Steal,3,24,0,Perforated,4500,21.8,1.5
fold_1/Steal_66.wav,Steal,3,24,0,Perforated,4500,23.8,1.5
fold_1/Steal_67.wav,Steal,3,24,0,Perforated,4500,25.8,1.5
fold_1/Steal_68.wav,Steal,3,24,0,Perforated,4500,27.8,1.5
fold_1/Steal_69.wav,Steal,3,24,0,Perforated,4500,29.8,1.5
fold_1/Steal_70.wav,Steal,3,24,45,Perforated,4500,9.8,1.5
fold_1/Steal_71.wav,Steal,3,24,45,Perforated,4500,11.8,1.5
fold_1/Steal_72.wav,Steal,3,24,45,Perforated,4500,13.8,1.5
fold_1/Steal_73.wav,Steal,3,24,45,Perforated,4500,15.8,1.5
fold_1/Steal_74.wav,Steal,3,24,45,Perforated,4500,17.8,1.5
fold_1/Steal_75.wav,Steal,3,24,45,Perforated,4500,19.8,1.5
fold_1/Steal_76.wav,Steal,3,24,45,Perforated,4500,21.8,1.5
fold_1/Steal_77.wav,Steal,3,24,45,Perforated,4500,23.8,1.5
fold_1/Steal_78.wav,Steal,3,24,45,Perforated,4500,25.8,1.5
fold_1/Steal_79.wav,Steal,3,24,45,Perforated,4500,27.8,1.5
fold_1/Steal_80.wav,Steal,3,24,45,Perforated,4500,29.8,1.5
fold_1/Steal_81.wav,Steal,3,24,90,Perforated,4500,9.8,1.5
fold_1/Steal_82.wav,Steal,3,24,90,Perforated,4500,11.8,1.5
fold_1/Steal_83.wav,Steal,3,24,90,Perforated,4500,13.8,1.5
fold_1/Steal_84.wav,Steal,3,24,90,Perforated,4500,15.8,1.5
fold_1/Steal_85.wav,Steal,3,24,90,Perforated,4500,17.8,1.5
fold_1/Steal_86.wav,Steal,3,24,90,Perforated,4500,19.8,1.5
fold_1/Steal_87.wav,Steal,3,24,90,Perforated,4500,21.8,1.5
fold_1/Steal_88.wav,Steal,3,24,90,Perforated,4500,23.8,1.5
fold_1/Steal_89.wav,Steal,3,24,90,Perforated,4500,25.8,1.5
fold_1/Steal_90.wav,Steal,3,24,90,Perforated,4500,27.8,1.5
fold_1/Steal_91.wav,Steal,3,24,90,Perforated,4500,29.8,1.5
fold_1/Steal_92.wav,Steal,3,24,135,Perforated,4500,9.8,1.5
fold_1/Steal_93.wav,Steal,3,24,135,Perforated,4500,11.8,1.5
fold_1/Steal_94.wav,Steal,3,24,135,Perforated,4500,13.8,1.5
fold_1/Steal_95.wav,Steal,3,24,135,Perforated,4500,15.8,1.5
fold_1/Steal_96.wav,Steal,3,24,135,Perforated,4500,17.8,1.5
fold_1/Steal_97.wav,Steal,3,24,135,Perforated,4500,19.8,1.5
fold_1/Steal_98.wav,Steal,3,24,135,Perforated,4500,21.8,1.5
fold_1/Steal_99.wav,Steal,3,24,135,Perforated,4500,23.8,1.5
fold_1/Steal_100.wav,Steal,3,24,135,Perforated,4500,25.8,1.5
fold_1/Steal_101.wav,Steal,3,24,135,Perforated,4500,27.8,1.5
fold_1/Steal_102.wav,Steal,3,24,135,Perforated,4500,29.8,1.5
fold_1/Steal_103.wav,Steal,3,24,180,Perforated,4500,9.8,1.5
fold_1/Steal_104.wav,Steal,3,24,180,Perforated,4500,11.8,1.5
fold_1/Steal_105.wav,Steal,3,24,180,Perforated,4500,13.8,1.5
fold_1/Steal_106.wav,Steal,3,24,180,Perforated,4500,15.8,1.5
fold_1/Steal_107.wav,Steal,3,24,180,Perforated,4500,17.8,1.5
fold_1/Steal_108.wav,Steal,3,24,180,Perforated,4500,19.8,1.5
fold_1/Steal_109.wav,Steal,3,24,180,Perforated,4500,21.8,1.5
fold_1/Steal_110.wav,Steal,3,24,180,Perforated,4500,23.8,1.5
fold_1/Steal_111.wav,Steal,3,24,180,Perforated,4500,25.8,1.5
fold_1/Steal_112.wav,Steal,3,24,180,Perforated,4500,27.8,1.5
fold_1/Brass_70.wav,Brass,0,24,0,rectangle,5500,9.8,9
fold_1/Brass_71.wav,Brass,0,24,0,rectangle,5500,11.8,9
fold_1/Brass_72.wav,Brass,0,24,0,rectangle,5500,13.8,9
fold_1/Brass_73.wav,Brass,0,24,0,rectangle,5500,15.8,9
fold_1/Brass_74.wav,Brass,0,24,0,rectangle,5500,17.8,9
fold_1/Brass_75.wav,Brass,0,24,0,rectangle,5500,19.8,9
fold_1/Brass_76.wav,Brass,0,24,0,rectangle,5500,21.8,9
fold_1/Brass_77.wav,Brass,0,24,0,rectangle,5500,23.8,9
fold_1/Brass_78.wav,Brass,0,24,0,rectangle,5500,25.8,9
fold_1/Brass_79.wav,Brass,0,24,0,rectangle,5500,27.8,9
fold_1/Brass_80.wav,Brass,0,24,0,rectangle,5500,29.8,9
fold_1/Brass_81.wav,Brass,0,24,45,rectangle,5500,9.8,9
fold_1/Brass_82.wav,Brass,0,24,45,rectangle,5500,11.8,9
fold_1/Brass_83.wav,Brass,0,24,45,rectangle,5500,13.8,9
fold_1/Brass_84.wav,Brass,0,24,45,rectangle,5500,15.8,9
fold_1/Brass_85.wav,Brass,0,24,45,rectangle,5500,17.8,9
fold_1/Brass_86.wav,Brass,0,24,45,rectangle,5500,19.8,9
fold_1/Brass_87.wav,Brass,0,24,45,rectangle,5500,21.8,9
fold_1/Brass_88.wav,Brass,0,24,45,rectangle,5500,23.8,9
fold_1/Brass_89.wav,Brass,0,24,45,rectangle,5500,25.8,9
fold_1/Brass_90.wav,Brass,0,24,45,rectangle,5500,27.8,9
fold_1/Brass_91.wav,Brass,0,24,45,rectangle,5500,29.8,9
fold_1/Brass_92.wav,Brass,0,24,90,rectangle,5500,9.8,9
fold_1/Brass_93.wav,Brass,0,24,90,rectangle,5500,11.8,9
fold_1/Brass_94.wav,Brass,0,24,90,rectangle,5500,13.8,9
fold_1/Brass_95.wav,Brass,0,24,90,rectangle,5500,15.8,9
fold_1/Brass_96.wav,Brass,0,24,90,rectangle,5500,17.8,9
fold_1/Brass_97.wav,Brass,0,24,90,rectangle,5500,19.8,9
fold_1/Brass_98.wav,Brass,0,24,90,rectangle,5500,21.8,9
fold_1/Brass_99.wav,Brass,0,24,90,rectangle,5500,23.8,9
fold_1/Brass_100.wav,Brass,0,24,90,rectangle,5500,25.8,9
fold_1/Brass_101.wav,Brass,0,24,90,rectangle,5500,27.8,9
fold_1/Brass_102.wav,Brass,0,24,90,rectangle,5500,29.8,9
fold_1/Brass_103.wav,Brass,0,24,135,rectangle,5500,9.8,9
fold_1/Brass_104.wav,Brass,0,24,135,rectangle,5500,11.8,9
fold_1/Brass_105.wav,Brass,0,24,135,rectangle,5500,13.8,9
fold_1/Brass_106.wav,Brass,0,24,135,rectangle,5500,15.8,9
fold_1/Brass_107.wav,Brass,0,24,135,rectangle,5500,17.8,9
fold_1/Brass_108.wav,Brass,0,24,135,rectangle,5500,19.8,9
fold_1/Brass_109.wav,Brass,0,24,135,rectangle,5500,21.8,9
fold_1/Brass_110.wav,Brass,0,24,135,rectangle,5500,23.8,9
fold_1/Brass_111.wav,Brass,0,24,135,rectangle,5500,25.8,9
fold_1/Brass_112.wav,Brass,0,24,135,rectangle,5500,27.8,9
fold_1/Brass_113.wav,Brass,0,24,135,rectangle,5500,29.8,9
fold_1/Brass_114.wav,Brass,0,24,180,rectangle,5500,9.8,9
fold_1/Brass_115.wav,Brass,0,24,180,rectangle,5500,11.8,9
fold_1/Brass_116.wav,Brass,0,24,180,rectangle,5500,13.8,9
fold_1/Brass_117.wav,Brass,0,24,180,rectangle,5500,15.8,9
fold_1/Brass_118.wav,Brass,0,24,180,rectangle,5500,17.8,9
fold_1/Brass_119.wav,Brass,0,24,180,rectangle,5500,19.8,9
fold_1/Brass_120.wav,Brass,0,24,180,rectangle,5500,21.8,9
fold_1/Brass_121.wav,Brass,0,24,180,rectangle,5500,23.8,9
fold_1/Brass_122.wav,Brass,0,24,180,rectangle,5500,25.8,9
fold_1/Brass_123.wav,Brass,0,24,180,rectangle,5500,27.8,9
fold_1/Brass_124.wav,Brass,0,24,180,rectangle,5500,29.8,9
fold_1/Aluminium_113.wav,Aluminium,1,24,0,rectangle,3600,9.8,6
fold_1/Aluminium_114.wav,Aluminium,1,24,0,rectangle,3600,11.8,6
fold_1/Aluminium_115.wav,Aluminium,1,24,0,rectangle,3600,13.8,6
fold_1/Aluminium_116.wav,Aluminium,1,24,0,rectangle,3600,15.8,6
fold_1/Aluminium_117.wav,Aluminium,1,24,0,rectangle,3600,17.8,6
fold_1/Aluminium_118.wav,Aluminium,1,24,0,rectangle,3600,19.8,6
fold_1/Aluminium_119.wav,Aluminium,1,24,0,rectangle,3600,21.8,6
fold_1/Aluminium_120.wav,Aluminium,1,24,0,rectangle,3600,23.8,6
fold_1/Aluminium_121.wav,Aluminium,1,24,0,rectangle,3600,25.8,6
fold_1/Aluminium_122.wav,Aluminium,1,24,0,rectangle,3600,27.8,6
fold_1/Aluminium_123.wav,Aluminium,1,24,0,rectangle,3600,29.8,6
fold_1/Aluminium_124.wav,Aluminium,1,24,45,rectangle,3600,9.8,6
fold_1/Aluminium_125.wav,Aluminium,1,24,45,rectangle,3600,11.8,6
fold_1/Aluminium_126.wav,Aluminium,1,24,45,rectangle,3600,13.8,6
fold_1/Aluminium_127.wav,Aluminium,1,24,45,rectangle,3600,15.8,6
fold_1/Aluminium_128.wav,Aluminium,1,24,45,rectangle,3600,17.8,6
fold_1/Aluminium_129.wav,Aluminium,1,24,45,rectangle,3600,19.8,6
fold_1/Aluminium_130.wav,Aluminium,1,24,45,rectangle,3600,21.8,6
fold_1/Aluminium_131.wav,Aluminium,1,24,45,rectangle,3600,23.8,6
fold_1/Aluminium_132.wav,Aluminium,1,24,45,rectangle,3600,25.8,6
fold_1/Aluminium_133.wav,Aluminium,1,24,45,rectangle,3600,27.8,6
fold_1/Aluminium_134.wav,Aluminium,1,24,45,rectangle,3600,29.8,6
fold_1/Aluminium_135.wav,Aluminium,1,24,90,rectangle,3600,9.8,6
fold_1/Aluminium_136.wav,Aluminium,1,24,90,rectangle,3600,11.8,6
fold_1/Aluminium_137.wav,Aluminium,1,24,90,rectangle,3600,13.8,6
fold_1/Aluminium_138.wav,Aluminium,1,24,90,rectangle,3600,15.8,6
fold_1/Aluminium_139.wav,Aluminium,1,24,90,rectangle,3600,17.8,6
fold_1/Aluminium_140.wav,Aluminium,1,24,90,rectangle,3600,19.8,6
fold_1/Aluminium_141.wav,Aluminium,1,24,90,rectangle,3600,21.8,6
fold_1/Aluminium_142.wav,Aluminium,1,24,90,rectangle,3600,23.8,6
fold_1/Aluminium_143.wav,Aluminium,1,24,90,rectangle,3600,25.8,6
fold_1/Aluminium_144.wav,Aluminium,1,24,90,rectangle,3600,27.8,6
fold_1/Aluminium_145.wav,Aluminium,1,24,90,rectangle,3600,29.8,6
fold_1/Aluminium_146.wav,Aluminium,1,24,135,rectangle,3600,9.8,6
fold_1/Aluminium_147.wav,Aluminium,1,24,135,rectangle,3600,11.8,6
fold_1/Aluminium_148.wav,Aluminium,1,24,135,rectangle,3600,13.8,6
fold_1/Aluminium_149.wav,Aluminium,1,24,135,rectangle,3600,15.8,6
fold_1/Aluminium_150.wav,Aluminium,1,24,135,rectangle,3600,17.8,6
fold_1/Aluminium_151.wav,Aluminium,1,24,135,rectangle,3600,19.8,6
fold_1/Aluminium_152.wav,Aluminium,1,24,135,rectangle,3600,21.8,6
fold_1/Aluminium_153.wav,Aluminium,1,24,135,rectangle,3600,23.8,6
fold_1/Aluminium_154.wav,Aluminium,1,24,135,rectangle,3600,25.8,6
fold_1/Aluminium_155.wav,Aluminium,1,24,135,rectangle,3600,27.8,6
fold_1/Aluminium_156.wav,Aluminium,1,24,135,rectangle,3600,29.8,6
fold_1/Aluminium_157.wav,Aluminium,1,24,180,rectangle,3600,9.8,6
fold_1/Aluminium_158.wav,Aluminium,1,24,180,rectangle,3600,11.8,6
fold_1/Aluminium_159.wav,Aluminium,1,24,180,rectangle,3600,13.8,6
fold_1/Aluminium_160.wav,Aluminium,1,24,180,rectangle,3600,15.8,6
fold_1/Aluminium_161.wav,Aluminium,1,24,180,rectangle,3600,17.8,6
fold_1/Aluminium_162.wav,Aluminium,1,24,180,rectangle,3600,19.8,6
fold_1/Aluminium_163.wav,Aluminium,1,24,180,rectangle,3600,21.8,6
fold_1/Aluminium_164.wav,Aluminium,1,24,180,rectangle,3600,23.8,6
fold_1/Aluminium_165.wav,Aluminium,1,24,180,rectangle,3600,25.8,6
fold_1/Aluminium_166.wav,Aluminium,1,24,180,rectangle,3600,27.8,6
fold_1/Aluminium_167.wav,Aluminium,1,24,180,rectangle,3600,29.8,6
fold_1/Steal_113.wav,Steal,3,24,0,rectangle,3160,9.8,2
fold_1/Steal_114.wav,Steal,3,24,0,rectangle,3160,11.8,2
fold_1/Steal_115.wav,Steal,3,24,0,rectangle,3160,13.8,2
fold_1/Steal_116.wav,Steal,3,24,0,rectangle,3160,15.8,2
fold_1/Steal_117.wav,Steal,3,24,0,rectangle,3160,17.8,2
fold_1/Steal_118.wav,Steal,3,24,0,rectangle,3160,19.8,2
fold_1/Steal_119.wav,Steal,3,24,0,rectangle,3160,21.8,2
fold_1/Steal_120.wav,Steal,3,24,0,rectangle,3160,23.8,2
fold_1/Steal_121.wav,Steal,3,24,0,rectangle,3160,25.8,2
fold_1/Steal_122.wav,Steal,3,24,0,rectangle,3160,27.8,2
fold_1/Steal_123.wav,Steal,3,24,0,rectangle,3160,29.8,2
fold_1/Steal_124.wav,Steal,3,24,45,rectangle,3160,9.8,2
fold_1/Steal_125.wav,Steal,3,24,45,rectangle,3160,11.8,2
fold_1/Steal_126.wav,Steal,3,24,45,rectangle,3160,13.8,2
fold_1/Steal_127.wav,Steal,3,24,45,rectangle,3160,15.8,2
fold_1/Steal_128.wav,Steal,3,24,45,rectangle,3160,17.8,2
fold_1/Steal_129.wav,Steal,3,24,45,rectangle,3160,19.8,2
fold_1/Steal_130.wav,Steal,3,24,45,rectangle,3160,21.8,2
fold_1/Steal_131.wav,Steal,3,24,45,rectangle,3160,23.8,2
fold_1/Steal_132.wav,Steal,3,24,45,rectangle,3160,25.8,2
fold_1/Steal_133.wav,Steal,3,24,45,rectangle,3160,27.8,2
fold_1/Steal_134.wav,Steal,3,24,45,rectangle,3160,29.8,2
fold_1/Steal_135.wav,Steal,3,24,90,rectangle,3160,9.8,2
fold_1/Steal_136.wav,Steal,3,24,90,rectangle,3160,11.8,2
fold_1/Steal_137.wav,Steal,3,24,90,rectangle,3160,13.8,2
fold_1/Steal_138.wav,Steal,3,24,90,rectangle,3160,15.8,2
fold_1/Steal_139.wav,Steal,3,24,90,rectangle,3160,17.8,2
fold_1/Steal_140.wav,Steal,3,24,90,rectangle,3160,19.8,2
fold_1/Steal_141.wav,Steal,3,24,90,rectangle,3160,21.8,2
fold_1/Steal_142.wav,Steal,3,24,90,rectangle,3160,23.8,2
fold_1/Steal_143.wav,Steal,3,24,90,rectangle,3160,25.8,2
fold_1/Steal_144.wav,Steal,3,24,90,rectangle,3160,27.8,2
fold_1/Steal_145.wav,Steal,3,24,90,rectangle,3160,29.8,2
fold_1/Steal_146.wav,Steal,3,24,135,rectangle,3160,9.8,2
fold_1/Steal_147.wav,Steal,3,24,135,rectangle,3160,11.8,2
fold_1/Steal_148.wav,Steal,3,24,135,rectangle,3160,13.8,2
fold_1/Steal_149.wav,Steal,3,24,135,rectangle,3160,15.8,2
fold_1/Steal_150.wav,Steal,3,24,135,rectangle,3160,17.8,2
fold_1/Steal_151.wav,Steal,3,24,135,rectangle,3160,19.8,2
fold_1/Steal_152.wav,Steal,3,24,135,rectangle,3160,21.8,2
fold_1/Steal_153.wav,Steal,3,24,135,rectangle,3160,23.8,2
fold_1/Steal_154.wav,Steal,3,24,135,rectangle,3160,25.8,2
fold_1/Steal_155.wav,Steal,3,24,135,rectangle,3160,27.8,2
fold_1/Steal_156.wav,Steal,3,24,135,rectangle,3160,29.8,2
fold_1/Steal_157.wav,Steal,3,24,180,rectangle,3160,9.8,2
fold_1/Steal_158.wav,Steal,3,24,180,rectangle,3160,11.8,2
fold_1/Steal_159.wav,Steal,3,24,180,rectangle,3160,13.8,2
fold_1/Steal_160.wav,Steal,3,24,180,rectangle,3160,15.8,2
fold_1/Steal_161.wav,Steal,3,24,180,rectangle,3160,17.8,2
fold_1/Steal_162.wav,Steal,3,24,180,rectangle,3160,19.8,2
fold_1/Steal_163.wav,Steal,3,24,180,rectangle,3160,21.8,2
fold_1/Steal_164.wav,Steal,3,24,180,rectangle,3160,23.8,2
fold_1/Steal_165.wav,Steal,3,24,180,rectangle,3160,25.8,2
fold_1/Steal_166.wav,Steal,3,24,180,rectangle,3160,27.8,2
fold_1/Steal_167.wav,Steal,3,24,180,rectangle,3160,29.8,2
fold_1/Copper_113.wav,Copper,2,24,0,square,2916,9.8,0.9
fold_1/Copper_114.wav,Copper,2,24,0,square,2916,11.8,0.9
fold_1/Copper_115.wav,Copper,2,24,0,square,2916,13.8,0.9
fold_1/Copper_116.wav,Copper,2,24,0,square,2916,15.8,0.9
fold_1/Copper_117.wav,Copper,2,24,0,square,2916,17.8,0.9
fold_1/Copper_118.wav,Copper,2,24,0,square,2916,19.8,0.9
fold_1/Copper_119.wav,Copper,2,24,0,square,2916,21.8,0.9
fold_1/Copper_120.wav,Copper,2,24,0,square,2916,23.8,0.9
fold_1/Copper_121.wav,Copper,2,24,0,square,2916,25.8,0.9
fold_1/Copper_122.wav,Copper,2,24,0,square,2916,27.8,0.9
fold_1/Copper_123.wav,Copper,2,24,0,square,2916,29.8,0.9
fold_1/Copper_124.wav,Copper,2,24,45,square,2916,9.8,0.9
fold_1/Copper_125.wav,Copper,2,24,45,square,2916,11.8,0.9
fold_1/Copper_126.wav,Copper,2,24,45,square,2916,13.8,0.9
fold_1/Copper_127.wav,Copper,2,24,45,square,2916,15.8,0.9
fold_1/Copper_128.wav,Copper,2,24,45,square,2916,17.8,0.9
fold_1/Copper_129.wav,Copper,2,24,45,square,2916,19.8,0.9
fold_1/Copper_130.wav,Copper,2,24,45,square,2916,21.8,0.9
fold_1/Copper_131.wav,Copper,2,24,45,square,2916,23.8,0.9
fold_1/Copper_132.wav,Copper,2,24,45,square,2916,25.8,0.9
fold_1/Copper_133.wav,Copper,2,24,45,square,2916,27.8,0.9
fold_1/Copper_134.wav,Copper,2,24,45,square,2916,29.8,0.9
fold_1/Copper_135.wav,Copper,2,24,90,square,2916,9.8,0.9
fold_1/Copper_136.wav,Copper,2,24,90,square,2916,11.8,0.9
fold_1/Copper_137.wav,Copper,2,24,90,square,2916,13.8,0.9
fold_1/Copper_138.wav,Copper,2,24,90,square,2916,15.8,0.9
fold_1/Copper_139.wav,Copper,2,24,90,square,2916,17.8,0.9
fold_1/Copper_140.wav,Copper,2,24,90,square,2916,19.8,0.9
fold_1/Copper_141.wav,Copper,2,24,90,square,2916,21.8,0.9
fold_1/Copper_142.wav,Copper,2,24,90,square,2916,23.8,0.9
fold_1/Copper_143.wav,Copper,2,24,90,square,2916,25.8,0.9
fold_1/Copper_144.wav,Copper,2,24,90,square,2916,27.8,0.9
fold_1/Copper_145.wav,Copper,2,24,90,square,2916,29.8,0.9
fold_1/Copper_146.wav,Copper,2,24,135,square,2916,9.8,0.9
fold_1/Copper_147.wav,Copper,2,24,135,square,2916,11.8,0.9
fold_1/Copper_148.wav,Copper,2,24,135,square,2916,13.8,0.9
fold_1/Copper_149.wav,Copper,2,24,135,square,2916,15.8,0.9
fold_1/Copper_150.wav,Copper,2,24,135,square,2916,17.8,0.9
fold_1/Copper_151.wav,Copper,2,24,135,square,2916,19.8,0.9
fold_1/Copper_152.wav,Copper,2,24,135,square,2916,21.8,0.9
fold_1/Copper_153.wav,Copper,2,24,135,square,2916,23.8,0.9
fold_1/Copper_154.wav,Copper,2,24,135,square,2916,25.8,0.9
fold_1/Copper_155.wav,Copper,2,24,135,square,2916,27.8,0.9
fold_1/Copper_156.wav,Copper,2,24,135,square,2916,29.8,0.9
fold_1/Copper_157.wav,Copper,2,24,180,square,2916,9.8,0.9
fold_1/Copper_158.wav,Copper,2,24,180,square,2916,11.8,0.9
fold_1/Copper_159.wav,Copper,2,24,180,square,2916,13.8,0.9
fold_1/Copper_160.wav,Copper,2,24,180,square,2916,15.8,0.9
fold_1/Copper_161.wav,Copper,2,24,180,square,2916,17.8,0.9
fold_1/Copper_162.wav,Copper,2,24,180,square,2916,19.8,0.9
fold_1/Copper_163.wav,Copper,2,24,180,square,2916,21.8,0.9
fold_1/Copper_164.wav,Copper,2,24,180,square,2916,23.8,0.9
fold_1/Copper_165.wav,Copper,2,24,180,square,2916,25.8,0.9
fold_1/Copper_166.wav,Copper,2,24,180,square,2916,27.8,0.9
fold_1/Copper_167.wav,Copper,2,24,180,square,2916,29.8,0.9
fold_1/Brass_127.wav,Brass,0,24,0,square,2500,9.8,0.7
fold_1/Brass_128.wav,Brass,0,24,0,square,2500,11.8,0.7
fold_1/Brass_129.wav,Brass,0,24,0,square,2500,13.8,0.7
fold_1/Brass_130.wav,Brass,0,24,0,square,2500,15.8,0.7
fold_1/Brass_131.wav,Brass,0,24,0,square,2500,17.8,0.7
fold_1/Brass_132.wav,Brass,0,24,0,square,2500,19.8,0.7
fold_1/Brass_133.wav,Brass,0,24,0,square,2500,21.8,0.7
fold_1/Brass_134.wav,Brass,0,24,0,square,2500,23.8,0.7
fold_1/Brass_135.wav,Brass,0,24,0,square,2500,25.8,0.7
fold_1/Brass_136.wav,Brass,0,24,0,square,2500,27.8,0.7
fold_1/Brass_137.wav,Brass,0,24,0,square,2500,29.8,0.7
fold_1/Brass_138.wav,Brass,0,24,45,square,2500,9.8,0.7
fold_1/Brass_139.wav,Brass,0,24,45,square,2500,11.8,0.7
fold_1/Brass_140.wav,Brass,0,24,45,square,2500,13.8,0.7
fold_1/Brass_141.wav,Brass,0,24,45,square,2500,15.8,0.7
fold_1/Brass_142.wav,Brass,0,24,45,square,2500,17.8,0.7
fold_1/Brass_143.wav,Brass,0,24,45,square,2500,19.8,0.7
fold_1/Brass_144.wav,Brass,0,24,45,square,2500,21.8,0.7
fold_1/Brass_145.wav,Brass,0,24,45,square,2500,23.8,0.7
fold_1/Brass_146.wav,Brass,0,24,45,square,2500,25.8,0.7
fold_1/Brass_147.wav,Brass,0,24,45,square,2500,27.8,0.7
fold_1/Brass_148.wav,Brass,0,24,45,square,2500,29.8,0.7
fold_1/Brass_149.wav,Brass,0,24,90,square,2500,9.8,0.7
fold_1/Brass_150.wav,Brass,0,24,90,square,2500,11.8,0.7
fold_1/Brass_151.wav,Brass,0,24,90,square,2500,13.8,0.7
fold_1/Brass_152.wav,Brass,0,24,90,square,2500,15.8,0.7
fold_1/Brass_153.wav,Brass,0,24,90,square,2500,17.8,0.7
fold_1/Brass_154.wav,Brass,0,24,90,square,2500,19.8,0.7
fold_1/Brass_155.wav,Brass,0,24,90,square,2500,21.8,0.7
fold_1/Brass_156.wav,Brass,0,24,90,square,2500,23.8,0.7
fold_1/Brass_157.wav,Brass,0,24,90,square,2500,25.8,0.7
fold_1/Brass_158.wav,Brass,0,24,90,square,2500,27.8,0.7
fold_1/Brass_159.wav,Brass,0,24,90,square,2500,29.8,0.7
fold_1/Brass_160.wav,Brass,0,24,135,square,2500,9.8,0.7
fold_1/Brass_161.wav,Brass,0,24,135,square,2500,11.8,0.7
fold_1/Brass_162.wav,Brass,0,24,135,square,2500,13.8,0.7
fold_1/Brass_163.wav,Brass,0,24,135,square,2500,15.8,0.7
fold_1/Brass_164.wav,Brass,0,24,135,square,2500,17.8,0.7
fold_1/Brass_165.wav,Brass,0,24,135,square,2500,19.8,0.7
fold_1/Brass_166.wav,Brass,0,24,135,square,2500,21.8,0.7
fold_1/Brass_167.wav,Brass,0,24,135,square,2500,23.8,0.7
fold_1/Brass_168.wav,Brass,0,24,135,square,2500,25.8,0.7
fold_1/Brass_169.wav,Brass,0,24,135,square,2500,27.8,0.7
fold_1/Brass_170.wav,Brass,0,24,135,square,2500,29.8,0.7
fold_1/Brass_171.wav,Brass,0,24,180,square,2500,9.8,0.7
fold_1/Brass_172.wav,Brass,0,24,180,square,2500,11.8,0.7
fold_1/Brass_173.wav,Brass,0,24,180,square,2500,13.8,0.7
fold_1/Brass_174.wav,Brass,0,24,180,square,2500,15.8,0.7
fold_1/Brass_175.wav,Brass,0,24,180,square,2500,17.8,0.7
fold_1/Brass_176.wav,Brass,0,24,180,square,2500,19.8,0.7
fold_1/Brass_177.wav,Brass,0,24,180,square,2500,21.8,0.7
fold_1/Brass_178.wav,Brass,0,24,180,square,2500,23.8,0.7
fold_1/Brass_179.wav,Brass,0,24,180,square,2500,25.8,0.7
fold_1/Brass_180.wav,Brass,0,24,180,square,2500,27.8,0.7
fold_1/Brass_181.wav,Brass,0,24,180,square,2500,29.8,0.7
fold_1/Brass_182.wav,Brass,0,24,0,square,1521,9.8,0.7
fold_1/Brass_183.wav,Brass,0,24,0,square,1521,11.8,0.7
fold_1/Brass_184.wav,Brass,0,24,0,square,1521,13.8,0.7
fold_1/Brass_185.wav,Brass,0,24,0,square,1521,15.8,0.7
fold_1/Brass_186.wav,Brass,0,24,0,square,1521,17.8,0.7
fold_1/Brass_187.wav,Brass,0,24,0,square,1521,19.8,0.7
fold_1/Brass_188.wav,Brass,0,24,0,square,1521,21.8,0.7
fold_1/Brass_189.wav,Brass,0,24,0,square,1521,23.8,0.7
fold_1/Brass_190.wav,Brass,0,24,0,square,1521,25.8,0.7
fold_1/Brass_191.wav,Brass,0,24,0,square,1521,27.8,0.7
fold_1/Brass_192.wav,Brass,0,24,0,square,1521,29.8,0.7
fold_1/Brass_193.wav,Brass,0,24,45,square,1521,9.8,0.7
fold_1/Brass_194.wav,Brass,0,24,45,square,1521,11.8,0.7
fold_1/Brass_195.wav,Brass,0,24,45,square,1521,13.8,0.7
fold_1/Brass_196.wav,Brass,0,24,45,square,1521,15.8,0.7
fold_1/Brass_197.wav,Brass,0,24,45,square,1521,17.8,0.7
fold_1/Brass_198.wav,Brass,0,24,45,square,1521,19.8,0.7
fold_1/Brass_199.wav,Brass,0,24,45,square,1521,21.8,0.7
fold_1/Brass_200.wav,Brass,0,24,45,square,1521,23.8,0.7
fold_1/Brass_201.wav,Brass,0,24,45,square,1521,25.8,0.7
fold_1/Brass_202.wav,Brass,0,24,45,square,1521,27.8,0.7
fold_1/Brass_203.wav,Brass,0,24,45,square,1521,29.8,0.7
fold_1/Brass_204.wav,Brass,0,24,90,square,1521,9.8,0.7
fold_1/Brass_205.wav,Brass,0,24,90,square,1521,11.8,0.7
fold_1/Brass_206.wav,Brass,0,24,90,square,1521,13.8,0.7
fold_1/Brass_207.wav,Brass,0,24,90,square,1521,15.8,0.7
fold_1/Brass_208.wav,Brass,0,24,90,square,1521,17.8,0.7
fold_1/Brass_209.wav,Brass,0,24,90,square,1521,19.8,0.7
fold_1/Brass_210.wav,Brass,0,24,90,square,1521,21.8,0.7
fold_1/Brass_211.wav,Brass,0,24,90,square,1521,23.8,0.7
fold_1/Brass_212.wav,Brass,0,24,90,square,1521,25.8,0.7
fold_1/Brass_213.wav,Brass,0,24,90,square,1521,27.8,0.7
fold_1/Brass_214.wav,Brass,0,24,90,square,1521,29.8,0.7
fold_1/Brass_215.wav,Brass,0,24,135,square,1521,9.8,0.7
fold_1/Brass_216.wav,Brass,0,24,135,square,1521,11.8,0.7
fold_1/Brass_217.wav,Brass,0,24,135,square,1521,13.8,0.7
fold_1/Brass_218.wav,Brass,0,24,135,square,1521,15.8,0.7
fold_1/Brass_219.wav,Brass,0,24,135,square,1521,17.8,0.7
fold_1/Brass_220.wav,Brass,0,24,135,square,1521,19.8,0.7
fold_1/Brass_221.wav,Brass,0,24,135,square,1521,21.8,0.7
fold_1/Brass_222.wav,Brass,0,24,135,square,1521,23.8,0.7
fold_1/Brass_223.wav,Brass,0,24,135,square,1521,25.8,0.7
fold_1/Brass_224.wav,Brass,0,24,135,square,1521,27.8,0.7
fold_1/Brass_225.wav,Brass,0,24,135,square,1521,29.8,0.7
fold_1/Brass_226.wav,Brass,0,24,180,square,1521,9.8,0.7
fold_1/Brass_227.wav,Brass,0,24,180,square,1521,11.8,0.7
fold_1/Brass_228.wav,Brass,0,24,180,square,1521,13.8,0.7
fold_1/Brass_229.wav,Brass,0,24,180,square,1521,15.8,0.7
fold_1/Brass_230.wav,Brass,0,24,180,square,1521,17.8,0.7
fold_1/Brass_231.wav,Brass,0,24,180,square,1521,19.8,0.7
fold_1/Brass_232.wav,Brass,0,24,180,square,1521,21.8,0.7
fold_1/Brass_233.wav,Brass,0,24,180,square,1521,23.8,0.7
fold_1/Brass_234.wav,Brass,0,24,180,square,1521,25.8,0.7
fold_1/Brass_235.wav,Brass,0,24,180,square,1521,27.8,0.7
fold_1/Brass_236.wav,Brass,0,24,180,square,1521,29.8,0.7
fold_1/Copper_168.wav,Copper,2,24,0,square,3720,9.8,0.6
fold_1/Copper_169.wav,Copper,2,24,0,square,3720,11.8,0.6
fold_1/Copper_170.wav,Copper,2,24,0,square,3720,13.8,0.6
fold_1/Copper_171.wav,Copper,2,24,0,square,3720,15.8,0.6
fold_1/Copper_172.wav,Copper,2,24,0,square,3720,17.8,0.6
fold_1/Copper_173.wav,Copper,2,24,0,square,3720,19.8,0.6
fold_1/Copper_174.wav,Copper,2,24,0,square,3720,21.8,0.6
fold_1/Copper_175.wav,Copper,2,24,0,square,3720,23.8,0.6
fold_1/Copper_176.wav,Copper,2,24,0,square,3720,25.8,0.6
fold_1/Copper_177.wav,Copper,2,24,0,square,3720,27.8,0.6
fold_1/Copper_178.wav,Copper,2,24,0,square,3720,29.8,0.6
fold_1/Copper_179.wav,Copper,2,24,45,square,3720,9.8,0.6
fold_1/Copper_180.wav,Copper,2,24,45,square,3720,11.8,0.6
fold_1/Copper_181.wav,Copper,2,24,45,square,3720,13.8,0.6
fold_1/Copper_182.wav,Copper,2,24,45,square,3720,15.8,0.6
fold_1/Copper_183.wav,Copper,2,24,45,square,3720,17.8,0.6
fold_1/Copper_184.wav,Copper,2,24,45,square,3720,19.8,0.6
fold_1/Copper_185.wav,Copper,2,24,45,square,3720,21.8,0.6
fold_1/Copper_186.wav,Copper,2,24,45,square,3720,23.8,0.6
fold_1/Copper_187.wav,Copper,2,24,45,square,3720,25.8,0.6
fold_1/Copper_188.wav,Copper,2,24,45,square,3720,27.8,0.6
fold_1/Copper_189.wav,Copper,2,24,45,square,3720,29.8,0.6
fold_1/Copper_190.wav,Copper,2,24,90,square,3720,9.8,0.6
fold_1/Copper_191.wav,Copper,2,24,90,square,3720,11.8,0.6
fold_1/Copper_192.wav,Copper,2,24,90,square,3720,13.8,0.6
fold_1/Copper_193.wav,Copper,2,24,90,square,3720,15.8,0.6
fold_1/Copper_194.wav,Copper,2,24,90,square,3720,17.8,0.6
fold_1/Copper_195.wav,Copper,2,24,90,square,3720,19.8,0.6
fold_1/Copper_196.wav,Copper,2,24,90,square,3720,21.8,0.6
fold_1/Copper_197.wav,Copper,2,24,90,square,3720,23.8,0.6
fold_1/Copper_198.wav,Copper,2,24,90,square,3720,25.8,0.6
fold_1/Copper_199.wav,Copper,2,24,90,square,3720,27.8,0.6
fold_1/Copper_200.wav,Copper,2,24,90,square,3720,29.8,0.6
fold_1/Copper_201.wav,Copper,2,24,135,square,3720,9.8,0.6
fold_1/Copper_202.wav,Copper,2,24,135,square,3720,11.8,0.6
fold_1/Copper_203.wav,Copper,2,24,135,square,3720,13.8,0.6
fold_1/Copper_204.wav,Copper,2,24,135,square,3720,15.8,0.6
fold_1/Copper_205.wav,Copper,2,24,135,square,3720,17.8,0.6
fold_1/Copper_206.wav,Copper,2,24,135,square,3720,19.8,0.6
fold_1/Copper_207.wav,Copper,2,24,135,square,3720,21.8,0.6
fold_1/Copper_208.wav,Copper,2,24,135,square,3720,23.8,0.6
fold_1/Copper_209.wav,Copper,2,24,135,square,3720,25.8,0.6
fold_1/Copper_210.wav,Copper,2,24,135,square,3720,27.8,0.6
fold_1/Copper_211.wav,Copper,2,24,135,square,3720,29.8,0.6
fold_1/Copper_212.wav,Copper,2,24,180,square,3720,9.8,0.6
fold_1/Copper_213.wav,Copper,2,24,180,square,3720,11.8,0.6
fold_1/Copper_214.wav,Copper,2,24,180,square,3720,13.8,0.6
fold_1/Copper_215.wav,Copper,2,24,180,square,3720,15.8,0.6
fold_1/Copper_216.wav,Copper,2,24,180,square,3720,17.8,0.6
fold_1/Copper_217.wav,Copper,2,24,180,square,3720,19.8,0.6
fold_1/Copper_218.wav,Copper,2,24,180,square,3720,21.8,0.6
fold_1/Copper_219.wav,Copper,2,24,180,square,3720,23.8,0.6
fold_1/Copper_220.wav,Copper,2,24,180,square,3720,25.8,0.6
fold_1/Copper_221.wav,Copper,2,24,180,square,3720,27.8,0.6
fold_1/Copper_222.wav,Copper,2,24,180,square,3720,29.8,0.6
fold_1/Aluminium_168.wav,Aluminium,1,24,0,rectangle,3950,9.8,0.4
fold_1/Aluminium_169.wav,Aluminium,1,24,0,rectangle,3950,11.8,0.4
fold_1/Aluminium_170.wav,Aluminium,1,24,0,rectangle,3950,13.8,0.4
fold_1/Aluminium_171.wav,Aluminium,1,24,0,rectangle,3950,15.8,0.4
fold_1/Aluminium_172.wav,Aluminium,1,24,0,rectangle,3950,17.8,0.4
fold_1/Aluminium_173.wav,Aluminium,1,24,0,rectangle,3950,19.8,0.4
fold_1/Aluminium_174.wav,Aluminium,1,24,0,rectangle,3950,21.8,0.4
fold_1/Aluminium_175.wav,Aluminium,1,24,0,rectangle,3950,23.8,0.4
fold_1/Aluminium_176.wav,Aluminium,1,24,0,rectangle,3950,25.8,0.4
fold_1/Aluminium_177.wav,Aluminium,1,24,0,rectangle,3950,27.8,0.4
fold_1/Aluminium_178.wav,Aluminium,1,24,0,rectangle,3950,29.8,0.4
fold_1/Aluminium_179.wav,Aluminium,1,24,45,rectangle,3950,9.8,0.4
fold_1/Aluminium_180.wav,Aluminium,1,24,45,rectangle,3950,11.8,0.4
fold_1/Aluminium_181.wav,Aluminium,1,24,45,rectangle,3950,13.8,0.4
fold_1/Aluminium_182.wav,Aluminium,1,24,45,rectangle,3950,15.8,0.4
fold_1/Aluminium_183.wav,Aluminium,1,24,45,rectangle,3950,17.8,0.4
fold_1/Aluminium_184.wav,Aluminium,1,24,45,rectangle,3950,19.8,0.4
fold_1/Aluminium_185.wav,Aluminium,1,24,45,rectangle,3950,21.8,0.4
fold_1/Aluminium_186.wav,Aluminium,1,24,45,rectangle,3950,23.8,0.4
fold_1/Aluminium_187.wav,Aluminium,1,24,45,rectangle,3950,25.8,0.4
fold_1/Aluminium_188.wav,Aluminium,1,24,45,rectangle,3950,27.8,0.4
fold_1/Aluminium_189.wav,Aluminium,1,24,45,rectangle,3950,29.8,0.4
fold_1/Aluminium_190.wav,Aluminium,1,24,90,rectangle,3950,9.8,0.4
fold_1/Aluminium_191.wav,Aluminium,1,24,90,rectangle,3950,11.8,0.4
fold_1/Aluminium_192.wav,Aluminium,1,24,90,rectangle,3950,13.8,0.4
fold_1/Aluminium_193.wav,Aluminium,1,24,90,rectangle,3950,15.8,0.4
fold_1/Aluminium_194.wav,Aluminium,1,24,90,rectangle,3950,17.8,0.4
fold_1/Aluminium_195.wav,Aluminium,1,24,90,rectangle,3950,19.8,0.4
fold_1/Aluminium_196.wav,Aluminium,1,24,90,rectangle,3950,21.8,0.4
fold_1/Aluminium_197.wav,Aluminium,1,24,90,rectangle,3950,23.8,0.4
fold_1/Aluminium_198.wav,Aluminium,1,24,90,rectangle,3950,25.8,0.4
fold_1/Aluminium_199.wav,Aluminium,1,24,90,rectangle,3950,27.8,0.4
fold_1/Aluminium_200.wav,Aluminium,1,24,90,rectangle,3950,29.8,0.4
fold_1/Aluminium_201.wav,Aluminium,1,24,135,rectangle,3950,9.8,0.4
fold_1/Aluminium_202.wav,Aluminium,1,24,135,rectangle,3950,11.8,0.4
fold_1/Aluminium_203.wav,Aluminium,1,24,135,rectangle,3950,13.8,0.4
fold_1/Aluminium_204.wav,Aluminium,1,24,135,rectangle,3950,15.8,0.4
fold_1/Aluminium_205.wav,Aluminium,1,24,135,rectangle,3950,17.8,0.4
fold_1/Aluminium_206.wav,Aluminium,1,24,135,rectangle,3950,19.8,0.4
fold_1/Aluminium_207.wav,Aluminium,1,24,135,rectangle,3950,21.8,0.4
fold_1/Aluminium_208.wav,Aluminium,1,24,135,rectangle,3950,23.8,0.4
fold_1/Aluminium_209.wav,Aluminium,1,24,135,rectangle,3950,25.8,0.4
fold_1/Aluminium_210.wav,Aluminium,1,24,135,rectangle,3950,27.8,0.4
fold_1/Aluminium_211.wav,Aluminium,1,24,135,rectangle,3950,29.8,0.4
fold_1/Aluminium_212.wav,Aluminium,1,24,180,rectangle,3950,9.8,0.4
fold_1/Aluminium_213.wav,Aluminium,1,24,180,rectangle,3950,11.8,0.4
fold_1/Aluminium_214.wav,Aluminium,1,24,180,rectangle,3950,13.8,0.4
fold_1/Aluminium_215.wav,Aluminium,1,24,180,rectangle,3950,15.8,0.4
fold_1/Aluminium_216.wav,Aluminium,1,24,180,rectangle,3950,17.8,0.4
fold_1/Aluminium_217.wav,Aluminium,1,24,180,rectangle,3950,19.8,0.4
fold_1/Aluminium_218.wav,Aluminium,1,24,180,rectangle,3950,21.8,0.4
fold_1/Aluminium_219.wav,Aluminium,1,24,180,rectangle,3950,23.8,0.4
fold_1/Aluminium_220.wav,Aluminium,1,24,180,rectangle,3950,25.8,0.4
fold_1/Aluminium_221.wav,Aluminium,1,24,180,rectangle,3950,27.8,0.4
fold_1/Aluminium_222.wav,Aluminium,1,24,180,rectangle,3950,29.8,0.4
fold_1/Aluminium_223.wav,Aluminium,1,24,0,square,3600,9.8,2
fold_1/Aluminium_224.wav,Aluminium,1,24,0,square,3600,11.8,2
fold_1/Aluminium_225.wav,Aluminium,1,24,0,square,3600,13.8,2
fold_1/Aluminium_226.wav,Aluminium,1,24,0,square,3600,15.8,2
fold_1/Aluminium_227.wav,Aluminium,1,24,0,square,3600,17.8,2
fold_1/Aluminium_228.wav,Aluminium,1,24,0,square,3600,19.8,2
fold_1/Aluminium_229.wav,Aluminium,1,24,0,square,3600,21.8,2
fold_1/Aluminium_230.wav,Aluminium,1,24,0,square,3600,23.8,2
fold_1/Aluminium_231.wav,Aluminium,1,24,0,square,3600,25.8,2
fold_1/Aluminium_232.wav,Aluminium,1,24,0,square,3600,27.8,2
fold_1/Aluminium_233.wav,Aluminium,1,24,0,square,3600,29.8,2
fold_1/Aluminium_234.wav,Aluminium,1,24,45,square,3600,9.8,2
fold_1/Aluminium_235.wav,Aluminium,1,24,45,square,3600,11.8,2
fold_1/Aluminium_236.wav,Aluminium,1,24,45,square,3600,13.8,2
fold_1/Aluminium_237.wav,Aluminium,1,24,45,square,3600,15.8,2
fold_1/Aluminium_238.wav,Aluminium,1,24,45,square,3600,17.8,2
fold_1/Aluminium_239.wav,Aluminium,1,24,45,square,3600,19.8,2
fold_1/Aluminium_240.wav,Aluminium,1,24,45,square,3600,21.8,2
fold_1/Aluminium_241.wav,Aluminium,1,24,45,square,3600,23.8,2
fold_1/Aluminium_242.wav,Aluminium,1,24,45,square,3600,25.8,2
fold_1/Aluminium_243.wav,Aluminium,1,24,45,square,3600,27.8,2
fold_1/Aluminium_244.wav,Aluminium,1,24,45,square,3600,29.8,2
fold_1/Aluminium_245.wav,Aluminium,1,24,90,square,3600,9.8,2
fold_1/Aluminium_246.wav,Aluminium,1,24,90,square,3600,11.8,2
fold_1/Aluminium_247.wav,Aluminium,1,24,90,square,3600,13.8,2
fold_1/Aluminium_248.wav,Aluminium,1,24,90,square,3600,15.8,2
fold_1/Aluminium_249.wav,Aluminium,1,24,90,square,3600,17.8,2
fold_1/Aluminium_250.wav,Aluminium,1,24,90,square,3600,19.8,2
fold_1/Aluminium_251.wav,Aluminium,1,24,90,square,3600,21.8,2
fold_1/Aluminium_252.wav,Aluminium,1,24,90,square,3600,23.8,2
fold_1/Aluminium_253.wav,Aluminium,1,24,90,square,3600,25.8,2
fold_1/Aluminium_254.wav,Aluminium,1,24,90,square,3600,27.8,2
fold_1/Aluminium_255.wav,Aluminium,1,24,90,square,3600,29.8,2
fold_1/Aluminium_256.wav,Aluminium,1,24,135,square,3600,9.8,2
fold_1/Aluminium_257.wav,Aluminium,1,24,135,square,3600,11.8,2
fold_1/Aluminium_258.wav,Aluminium,1,24,135,square,3600,13.8,2
fold_1/Aluminium_259.wav,Aluminium,1,24,135,square,3600,15.8,2
fold_1/Aluminium_260.wav,Aluminium,1,24,135,square,3600,17.8,2
fold_1/Aluminium_261.wav,Aluminium,1,24,135,square,3600,19.8,2
fold_1/Aluminium_262.wav,Aluminium,1,24,135,square,3600,21.8,2
fold_1/Aluminium_263.wav,Aluminium,1,24,135,square,3600,23.8,2
fold_1/Aluminium_264.wav,Aluminium,1,24,135,square,3600,25.8,2
fold_1/Aluminium_265.wav,Aluminium,1,24,135,square,3600,27.8,2
fold_1/Aluminium_266.wav,Aluminium,1,24,135,square,3600,29.8,2
fold_1/Aluminium_267.wav,Aluminium,1,24,180,square,3600,9.8,2
fold_1/Aluminium_268.wav,Aluminium,1,24,180,square,3600,11.8,2
fold_1/Aluminium_269.wav,Aluminium,1,24,180,square,3600,13.8,2
fold_1/Aluminium_270.wav,Aluminium,1,24,180,square,3600,15.8,2
fold_1/Aluminium_271.wav,Aluminium,1,24,180,square,3600,17.8,2
fold_1/Aluminium_272.wav,Aluminium,1,24,180,square,3600,19.8,2
fold_1/Aluminium_273.wav,Aluminium,1,24,180,square,3600,21.8,2
fold_1/Aluminium_274.wav,Aluminium,1,24,180,square,3600,23.8,2
fold_1/Aluminium_275.wav,Aluminium,1,24,180,square,3600,25.8,2
fold_1/Aluminium_276.wav,Aluminium,1,24,180,square,3600,27.8,2
fold_1/Aluminium_277.wav,Aluminium,1,24,180,square,3600,29.8,2
fold_1/Aluminium_278.wav,Aluminium,1,24,0,rectangle,3200,9.8,6
fold_1/Aluminium_279.wav,Aluminium,1,24,0,rectangle,3200,11.8,6
fold_1/Aluminium_280.wav,Aluminium,1,24,0,rectangle,3200,13.8,6
fold_1/Aluminium_281.wav,Aluminium,1,24,0,rectangle,3200,15.8,6
fold_1/Aluminium_282.wav,Aluminium,1,24,0,rectangle,3200,17.8,6
fold_1/Aluminium_283.wav,Aluminium,1,24,0,rectangle,3200,19.8,6
fold_1/Aluminium_284.wav,Aluminium,1,24,0,rectangle,3200,21.8,6
fold_1/Aluminium_285.wav,Aluminium,1,24,0,rectangle,3200,23.8,6
fold_1/Aluminium_286.wav,Aluminium,1,24,0,rectangle,3200,25.8,6
fold_1/Aluminium_287.wav,Aluminium,1,24,0,rectangle,3200,27.8,6
fold_1/Aluminium_288.wav,Aluminium,1,24,0,rectangle,3200,29.8,6
fold_1/Aluminium_289.wav,Aluminium,1,24,45,rectangle,3200,9.8,6
fold_1/Aluminium_290.wav,Aluminium,1,24,45,rectangle,3200,11.8,6
fold_1/Aluminium_291.wav,Aluminium,1,24,45,rectangle,3200,13.8,6
fold_1/Aluminium_292.wav,Aluminium,1,24,45,rectangle,3200,15.8,6
fold_1/Aluminium_293.wav,Aluminium,1,24,45,rectangle,3200,17.8,6
fold_1/Aluminium_294.wav,Aluminium,1,24,45,rectangle,3200,19.8,6
fold_1/Aluminium_295.wav,Aluminium,1,24,45,rectangle,3200,21.8,6
fold_1/Aluminium_296.wav,Aluminium,1,24,45,rectangle,3200,23.8,6
fold_1/Aluminium_297.wav,Aluminium,1,24,45,rectangle,3200,25.8,6
fold_1/Aluminium_298.wav,Aluminium,1,24,45,rectangle,3200,27.8,6
fold_1/Aluminium_299.wav,Aluminium,1,24,45,rectangle,3200,29.8,6
fold_1/Aluminium_300.wav,Aluminium,1,24,90,rectangle,3200,9.8,6
fold_1/Aluminium_301.wav,Aluminium,1,24,90,rectangle,3200,11.8,6
fold_1/Aluminium_302.wav,Aluminium,1,24,90,rectangle,3200,13.8,6
fold_1/Aluminium_303.wav,Aluminium,1,24,90,rectangle,3200,15.8,6
fold_1/Aluminium_304.wav,Aluminium,1,24,90,rectangle,3200,17.8,6
fold_1/Aluminium_305.wav,Aluminium,1,24,90,rectangle,3200,19.8,6
fold_1/Aluminium_306.wav,Aluminium,1,24,90,rectangle,3200,21.8,6
fold_1/Aluminium_307.wav,Aluminium,1,24,90,rectangle,3200,23.8,6
fold_1/Aluminium_308.wav,Aluminium,1,24,90,rectangle,3200,25.8,6
fold_1/Aluminium_309.wav,Aluminium,1,24,90,rectangle,3200,27.8,6
fold_1/Aluminium_310.wav,Aluminium,1,24,90,rectangle,3200,29.8,6
fold_1/Aluminium_311.wav,Aluminium,1,24,135,rectangle,3200,9.8,6
fold_1/Aluminium_312.wav,Aluminium,1,24,135,rectangle,3200,11.8,6
fold_1/Aluminium_313.wav,Aluminium,1,24,135,rectangle,3200,13.8,6
fold_1/Aluminium_314.wav,Aluminium,1,24,135,rectangle,3200,15.8,6
fold_1/Aluminium_315.wav,Aluminium,1,24,135,rectangle,3200,17.8,6
fold_1/Aluminium_316.wav,Aluminium,1,24,135,rectangle,3200,19.8,6
fold_1/Aluminium_317.wav,Aluminium,1,24,135,rectangle,3200,21.8,6
fold_1/Aluminium_318.wav,Aluminium,1,24,135,rectangle,3200,23.8,6
fold_1/Aluminium_319.wav,Aluminium,1,24,135,rectangle,3200,25.8,6
fold_1/Aluminium_320.wav,Aluminium,1,24,135,rectangle,3200,27.8,6
fold_1/Aluminium_321.wav,Aluminium,1,24,135,rectangle,3200,29.8,6
fold_1/Aluminium_322.wav,Aluminium,1,24,180,rectangle,3200,9.8,6
fold_1/Aluminium_323.wav,Aluminium,1,24,180,rectangle,3200,11.8,6
fold_1/Aluminium_324.wav,Aluminium,1,24,180,rectangle,3200,13.8,6
fold_1/Aluminium_325.wav,Aluminium,1,24,180,rectangle,3200,15.8,6
fold_1/Aluminium_326.wav,Aluminium,1,24,180,rectangle,3200,17.8,6
fold_1/Aluminium_327.wav,Aluminium,1,24,180,rectangle,3200,19.8,6
fold_1/Aluminium_328.wav,Aluminium,1,24,180,rectangle,3200,21.8,6
fold_1/Aluminium_329.wav,Aluminium,1,24,180,rectangle,3200,23.8,6
fold_1/Aluminium_330.wav,Aluminium,1,24,180,rectangle,3200,25.8,6
fold_1/Aluminium_331.wav,Aluminium,1,24,180,rectangle,3200,27.8,6
fold_1/Aluminium_332.wav,Aluminium,1,24,180,rectangle,3200,29.8,6
fold_1/Aluminium_333.wav,Aluminium,1,24,0,rectangle,2016,9.8,6
fold_1/Aluminium_334.wav,Aluminium,1,24,0,rectangle,2016,11.8,6
fold_1/Aluminium_335.wav,Aluminium,1,24,0,rectangle,2016,13.8,6
fold_1/Aluminium_336.wav,Aluminium,1,24,0,rectangle,2016,15.8,6
fold_1/Aluminium_337.wav,Aluminium,1,24,0,rectangle,2016,17.8,6
fold_1/Aluminium_338.wav,Aluminium,1,24,0,rectangle,2016,19.8,6
fold_1/Aluminium_339.wav,Aluminium,1,24,0,rectangle,2016,21.8,6
fold_1/Aluminium_340.wav,Aluminium,1,24,0,rectangle,2016,23.8,6
fold_1/Aluminium_341.wav,Aluminium,1,24,0,rectangle,2016,25.8,6
fold_1/Aluminium_342.wav,Aluminium,1,24,0,rectangle,2016,27.8,6
fold_1/Aluminium_343.wav,Aluminium,1,24,0,rectangle,2016,29.8,6
fold_1/Aluminium_344.wav,Aluminium,1,24,45,rectangle,2016,9.8,6
fold_1/Aluminium_345.wav,Aluminium,1,24,45,rectangle,2016,11.8,6
fold_1/Aluminium_346.wav,Aluminium,1,24,45,rectangle,2016,13.8,6
fold_1/Aluminium_347.wav,Aluminium,1,24,45,rectangle,2016,15.8,6
fold_1/Aluminium_348.wav,Aluminium,1,24,45,rectangle,2016,17.8,6
fold_1/Aluminium_349.wav,Aluminium,1,24,45,rectangle,2016,19.8,6
fold_1/Aluminium_350.wav,Aluminium,1,24,45,rectangle,2016,21.8,6
fold_1/Aluminium_351.wav,Aluminium,1,24,45,rectangle,2016,23.8,6
fold_1/Aluminium_352.wav,Aluminium,1,24,45,rectangle,2016,25.8,6
fold_1/Aluminium_353.wav,Aluminium,1,24,45,rectangle,2016,27.8,6
fold_1/Aluminium_354.wav,Aluminium,1,24,45,rectangle,2016,29.8,6
fold_1/Aluminium_355.wav,Aluminium,1,24,90,rectangle,2016,9.8,6
fold_1/Aluminium_356.wav,Aluminium,1,24,90,rectangle,2016,11.8,6
fold_1/Aluminium_357.wav,Aluminium,1,24,90,rectangle,2016,13.8,6
fold_1/Aluminium_358.wav,Aluminium,1,24,90,rectangle,2016,15.8,6
fold_1/Aluminium_359.wav,Aluminium,1,24,90,rectangle,2016,17.8,6
fold_1/Aluminium_360.wav,Aluminium,1,24,90,rectangle,2016,19.8,6
fold_1/Aluminium_361.wav,Aluminium,1,24,90,rectangle,2016,21.8,6
fold_1/Aluminium_362.wav,Aluminium,1,24,90,rectangle,2016,23.8,6
fold_1/Aluminium_363.wav,Aluminium,1,24,90,rectangle,2016,25.8,6
fold_1/Aluminium_364.wav,Aluminium,1,24,90,rectangle,2016,27.8,6
fold_1/Aluminium_365.wav,Aluminium,1,24,90,rectangle,2016,29.8,6
fold_1/Aluminium_366.wav,Aluminium,1,24,135,rectangle,2016,9.8,6
fold_1/Aluminium_367.wav,Aluminium,1,24,135,rectangle,2016,11.8,6
fold_1/Aluminium_368.wav,Aluminium,1,24,135,rectangle,2016,13.8,6
fold_1/Aluminium_369.wav,Aluminium,1,24,135,rectangle,2016,15.8,6
fold_1/Aluminium_370.wav,Aluminium,1,24,135,rectangle,2016,17.8,6
fold_1/Aluminium_371.wav,Aluminium,1,24,135,rectangle,2016,19.8,6
fold_1/Aluminium_372.wav,Aluminium,1,24,135,rectangle,2016,21.8,6
fold_1/Aluminium_373.wav,Aluminium,1,24,135,rectangle,2016,23.8,6
fold_1/Aluminium_374.wav,Aluminium,1,24,135,rectangle,2016,25.8,6
fold_1/Aluminium_375.wav,Aluminium,1,24,135,rectangle,2016,27.8,6
fold_1/Aluminium_376.wav,Aluminium,1,24,135,rectangle,2016,29.8,6
fold_1/Aluminium_377.wav,Aluminium,1,24,180,rectangle,2016,9.8,6
fold_1/Aluminium_378.wav,Aluminium,1,24,180,rectangle,2016,11.8,6
fold_1/Aluminium_379.wav,Aluminium,1,24,180,rectangle,2016,13.8,6
fold_1/Aluminium_380.wav,Aluminium,1,24,180,rectangle,2016,15.8,6
fold_1/Aluminium_381.wav,Aluminium,1,24,180,rectangle,2016,17.8,6
fold_1/Aluminium_382.wav,Aluminium,1,24,180,rectangle,2016,19.8,6
fold_1/Aluminium_383.wav,Aluminium,1,24,180,rectangle,2016,21.8,6
fold_1/Aluminium_384.wav,Aluminium,1,24,180,rectangle,2016,23.8,6
fold_1/Aluminium_385.wav,Aluminium,1,24,180,rectangle,2016,25.8,6
fold_1/Aluminium_386.wav,Aluminium,1,24,180,rectangle,2016,27.8,6
fold_1/Aluminium_387.wav,Aluminium,1,24,180,rectangle,2016,29.8,6
fold_1/Steal_167.wav,Steal,3,24,0,square,2704,9.8,0.7
fold_1/Steal_168.wav,Steal,3,24,0,square,2704,11.8,0.7
fold_1/Steal_169.wav,Steal,3,24,0,square,2704,13.8,0.7
fold_1/Steal_170.wav,Steal,3,24,0,square,2704,15.8,0.7
fold_1/Steal_171.wav,Steal,3,24,0,square,2704,17.8,0.7
fold_1/Steal_172.wav,Steal,3,24,0,square,2704,19.8,0.7
fold_1/Steal_173.wav,Steal,3,24,0,square,2704,21.8,0.7
fold_1/Steal_174.wav,Steal,3,24,0,square,2704,23.8,0.7
fold_1/Steal_175.wav,Steal,3,24,0,square,2704,25.8,0.7
fold_1/Steal_176.wav,Steal,3,24,0,square,2704,27.8,0.7
fold_1/Steal_177.wav,Steal,3,24,0,square,2704,29.8,0.7
fold_1/Steal_178.wav,Steal,3,24,45,square,2704,9.8,0.7
fold_1/Steal_179.wav,Steal,3,24,45,square,2704,11.8,0.7
fold_1/Steal_180.wav,Steal,3,24,45,square,2704,13.8,0.7
fold_1/Steal_181.wav,Steal,3,24,45,square,2704,15.8,0.7
fold_1/Steal_182.wav,Steal,3,24,45,square,2704,17.8,0.7
fold_1/Steal_183.wav,Steal,3,24,45,square,2704,19.8,0.7
fold_1/Steal_184.wav,Steal,3,24,45,square,2704,21.8,0.7
fold_1/Steal_185.wav,Steal,3,24,45,square,2704,23.8,0.7
fold_1/Steal_186.wav,Steal,3,24,45,square,2704,25.8,0.7
fold_1/Steal_187.wav,Steal,3,24,45,square,2704,27.8,0.7
fold_1/Steal_188.wav,Steal,3,24,45,square,2704,29.8,0.7
fold_1/Steal_189.wav,Steal,3,24,90,square,2704,9.8,0.7
fold_1/Steal_190.wav,Steal,3,24,90,square,2704,11.8,0.7
fold_1/Steal_191.wav,Steal,3,24,90,square,2704,13.8,0.7
fold_1/Steal_192.wav,Steal,3,24,90,square,2704,15.8,0.7
fold_1/Steal_193.wav,Steal,3,24,90,square,2704,17.8,0.7
fold_1/Steal_194.wav,Steal,3,24,90,square,2704,19.8,0.7
fold_1/Steal_195.wav,Steal,3,24,90,square,2704,21.8,0.7
fold_1/Steal_196.wav,Steal,3,24,90,square,2704,23.8,0.7
fold_1/Steal_197.wav,Steal,3,24,90,square,2704,25.8,0.7
fold_1/Steal_198.wav,Steal,3,24,90,square,2704,27.8,0.7
fold_1/Steal_199.wav,Steal,3,24,90,square,2704,29.8,0.7
fold_1/Steal_200.wav,Steal,3,24,135,square,2704,9.8,0.7
fold_1/Steal_201.wav,Steal,3,24,135,square,2704,11.8,0.7
fold_1/Steal_202.wav,Steal,3,24,135,square,2704,13.8,0.7
fold_1/Steal_203.wav,Steal,3,24,135,square,2704,15.8,0.7
fold_1/Steal_204.wav,Steal,3,24,135,square,2704,17.8,0.7
fold_1/Steal_205.wav,Steal,3,24,135,square,2704,19.8,0.7
fold_1/Steal_206.wav,Steal,3,24,135,square,2704,21.8,0.7
fold_1/Steal_207.wav,Steal,3,24,135,square,2704,23.8,0.7
fold_1/Steal_208.wav,Steal,3,24,135,square,2704,25.8,0.7
fold_1/Steal_209.wav,Steal,3,24,135,square,2704,27.8,0.7
fold_1/Steal_210.wav,Steal,3,24,135,square,2704,29.8,0.7
fold_1/Steal_211.wav,Steal,3,24,180,square,2704,9.8,0.7
fold_1/Steal_212.wav,Steal,3,24,180,square,2704,11.8,0.7
fold_1/Steal_213.wav,Steal,3,24,180,square,2704,13.8,0.7
fold_1/Steal_214.wav,Steal,3,24,180,square,2704,15.8,0.7
fold_1/Steal_215.wav,Steal,3,24,180,square,2704,17.8,0.7
fold_1/Steal_216.wav,Steal,3,24,180,square,2704,19.8,0.7
fold_1/Steal_217.wav,Steal,3,24,180,square,2704,21.8,0.7
fold_1/Steal_218.wav,Steal,3,24,180,square,2704,23.8,0.7
fold_1/Steal_219.wav,Steal,3,24,180,square,2704,25.8,0.7
fold_1/Steal_220.wav,Steal,3,24,180,square,2704,27.8,0.7
fold_1/Steal_221.wav,Steal,3,24,180,square,2704,29.8,0.7
fold_1_test/Aluminium_rectangle_6mm.wav,Aluminium,1,NaN,NaN,rectangle,2016,NaN,6
fold_1_test/Brass_thick_Rectangle.wav,Brass,0,NaN,NaN,rectangle,5500,NaN,9
fold_1_test/Copper_6mm_rectangle.wav,Copper,2,NaN,NaN,rectangle,3720,NaN,0.6
fold_1_test/copper_short.wav,Copper,2,NaN,NaN,rectangle,3720,NaN,0.6
fold_1_test/small_brass_square.wav,Brass,0,NaN,NaN,square,2500,NaN,0.7
fold_1_test/Stainless_steel_rectangle.wav,Steal,3,NaN,NaN,rectangle,3160,NaN,2